time_window,total_iterations,iterations,converged,qn_columns,deleted_qn_columns,dropped_qn_columns
1,4,4,1,3,0,0
2,7,3,1,5,0,0
3,10,3,1,7,0,0
4,13,3,1,9,0,0
5,16,3,1,11,0,0
6,19,3,1,13,0,0
7,22,3,1,15,0,0
8,24,2,1,16,0,0
9,26,2,1,17,0,0
10,28,2,1,17,1,0
11,30,2,1,16,0,2
12,32,2,1,15,0,2
13,34,2,1,14,0,2
14,36,2,1,13,0,2
15,38,2,1,12,0,2
16,40,2,1,11,0,2
17,42,2,1,10,0,2
18,44,2,1,10,0,1
19,46,2,1,10,0,1
20,48,2,1,10,0,1
21,50,2,1,10,0,1
22,52,2,1,10,0,1
23,54,2,1,10,0,1
24,56,2,1,10,0,1
25,58,2,1,10,0,1
26,60,2,1,10,0,1
27,62,2,1,10,0,1
28,64,2,1,10,0,1
29,66,2,1,10,0,1
30,68,2,1,10,0,1
31,70,2,1,10,0,1
32,72,2,1,10,0,1
33,74,2,1,10,0,1
34,76,2,1,10,0,1
35,78,2,1,10,0,1
36,80,2,1,10,0,1
37,82,2,1,10,0,1
38,84,2,1,10,0,1
39,86,2,1,10,0,1
40,88,2,1,10,0,1
41,90,2,1,10,0,1
42,92,2,1,10,0,1
43,94,2,1,10,0,1
44,96,2,1,10,0,1
45,98,2,1,10,0,1
46,100,2,1,10,0,1
47,102,2,1,10,0,1
48,104,2,1,10,0,1
49,106,2,1,10,0,1
50,108,2,1,10,0,1
51,110,2,1,10,0,1
52,112,2,1,10,0,1
53,114,2,1,10,0,1
54,116,2,1,10,0,1
55,119,3,1,11,1,0
56,121,2,1,11,0,1
57,123,2,1,11,0,1
58,125,2,1,11,0,1
59,127,2,1,11,0,1
60,129,2,1,11,0,1
61,131,2,1,11,0,1
62,133,2,1,11,0,1
63,135,2,1,11,0,1
64,137,2,1,11,0,1
65,139,2,1,10,0,2
66,141,2,1,10,0,1
67,143,2,1,10,0,1
68,145,2,1,10,0,1
69,147,2,1,10,0,1
70,149,2,1,10,0,1
71,151,2,1,10,0,1
72,153,2,1,10,0,1
73,155,2,1,10,0,1
74,157,2,1,10,0,1
75,159,2,1,10,0,1
76,161,2,1,10,0,1
77,163,2,1,10,0,1
78,165,2,1,10,0,1
79,167,2,1,10,0,1
80,169,2,1,10,1,0
81,171,2,1,10,1,0
82,173,2,1,10,1,0
83,175,2,1,10,0,1
84,178,3,1,11,1,0
85,180,2,1,11,0,1
86,183,3,1,11,2,0
87,186,3,1,11,2,0
88,188,2,1,10,2,0
89,190,2,1,11,0,0
90,192,2,1,11,1,0
91,194,2,1,11,0,1
92,196,2,1,11,0,1
93,198,2,1,11,0,1
94,200,2,1,11,0,1
95,202,2,1,11,0,1
96,204,2,1,11,0,1
97,206,2,1,10,0,2
98,208,2,1,10,0,1
99,210,2,1,10,0,1
100,212,2,1,10,0,1
101,214,2,1,10,0,1
102,216,2,1,10,0,1
103,218,2,1,10,0,1
104,220,2,1,10,0,1
105,222,2,1,10,0,1
106,224,2,1,10,0,1
107,226,2,1,10,0,1
108,228,2,1,10,0,1
109,230,2,1,10,0,1
110,232,2,1,10,0,1
111,234,2,1,10,0,1
112,236,2,1,10,0,1
113,238,2,1,10,0,1
114,240,2,1,10,0,1
115,242,2,1,10,0,1
116,244,2,1,10,0,1
117,246,2,1,10,0,1
118,248,2,1,10,0,1
119,250,2,1,10,0,1
120,252,2,1,10,0,1
121,254,2,1,10,0,1
122,256,2,1,10,0,1
123,258,2,1,10,0,1
124,260,2,1,10,0,1
125,262,2,1,10,0,1
126,264,2,1,10,0,1
127,266,2,1,10,0,1
128,268,2,1,10,0,1
129,270,2,1,10,0,1
130,272,2,1,10,0,1
131,274,2,1,10,0,1
132,276,2,1,10,0,1
133,278,2,1,10,0,1
134,280,2,1,10,0,1
135,282,2,1,10,0,1
136,284,2,1,10,0,1
137,286,2,1,10,0,1
138,288,2,1,10,0,1
139,290,2,1,10,0,1
140,292,2,1,10,0,1
141,294,2,1,10,0,1
142,296,2,1,10,0,1
143,298,2,1,10,0,1
144,300,2,1,10,0,1
145,302,2,1,10,0,1
146,304,2,1,10,0,1
147,306,2,1,10,0,1
148,308,2,1,10,0,1
149,310,2,1,10,0,1
150,312,2,1,10,0,1
151,314,2,1,10,0,1
152,316,2,1,10,0,1
153,318,2,1,10,0,1
154,320,2,1,10,0,1
155,322,2,1,10,0,1
156,324,2,1,10,0,1
157,326,2,1,10,0,1
158,328,2,1,10,0,1
159,330,2,1,10,0,1
160,332,2,1,10,0,1
161,334,2,1,10,0,1
162,337,3,1,11,0,1
163,339,2,1,11,0,1
164,341,2,1,11,0,1
165,343,2,1,11,0,1
166,345,2,1,11,0,1
167,347,2,1,11,0,1
168,349,2,1,11,0,1
169,352,3,1,12,0,1
170,354,2,1,12,0,1
171,356,2,1,12,0,1
172,358,2,1,11,0,2
173,360,2,1,11,0,1
174,362,2,1,11,0,1
175,364,2,1,11,0,1
176,366,2,1,11,0,1
177,368,2,1,11,0,1
178,371,3,1,11,1,1
179,373,2,1,11,0,1
180,375,2,1,11,0,1
181,377,2,1,11,0,1
182,380,3,1,12,0,1
183,383,3,1,13,0,1
184,386,3,1,13,1,1
185,389,3,1,13,1,1
186,392,3,1,13,1,1
187,395,3,1,12,2,1
188,398,3,1,11,2,1
189,401,3,1,12,0,1
190,404,3,1,12,1,1
191,407,3,1,12,1,1
192,410,3,1,13,0,1
193,413,3,1,11,3,1
194,416,3,1,12,0,1
195,419,3,1,13,0,1
196,422,3,1,12,3,0
197,425,3,1,12,2,0
198,428,3,1,13,1,0
199,431,3,1,13,1,1
200,434,3,1,13,1,1
201,437,3,1,12,2,1
202,440,3,1,13,0,1
203,443,3,1,13,1,1
204,446,3,1,14,1,0
205,449,3,1,15,0,1
206,452,3,1,15,1,1
207,455,3,1,16,0,1
208,458,3,1,16,1,1
209,461,3,1,16,1,1
210,464,3,1,16,1,1
211,467,3,1,15,1,2
212,470,3,1,14,1,2
213,473,3,1,13,1,2
214,476,3,1,12,2,1
215,479,3,1,12,1,1
216,482,3,1,12,1,1
217,485,3,1,11,2,1
218,488,3,1,12,0,1
219,491,3,1,11,2,1
220,494,3,1,11,1,1
221,497,3,1,12,0,1
222,500,3,1,12,1,1
223,503,3,1,12,1,1
224,506,3,1,12,1,1
225,509,3,1,12,1,1
226,512,3,1,11,2,1
227,515,3,1,12,0,1
228,518,3,1,12,1,1
229,521,3,1,12,1,1
230,524,3,1,11,2,1
231,527,3,1,11,1,1
232,530,3,1,12,1,0
233,533,3,1,11,2,1
234,536,3,1,12,0,1
235,539,3,1,12,2,0
236,542,3,1,12,1,1
237,545,3,1,12,1,1
238,548,3,1,12,2,0
239,551,3,1,12,2,0
240,554,3,1,12,2,0
241,557,3,1,12,1,1
242,560,3,1,12,2,0
243,563,3,1,11,3,0
244,566,3,1,11,2,0
245,569,3,1,11,2,0
246,572,3,1,11,1,1
247,575,3,1,11,2,0
248,578,3,1,12,1,0
249,581,3,1,12,2,0
250,584,3,1,11,3,0
251,587,3,1,11,2,0
252,590,3,1,12,1,0
253,593,3,1,11,3,0
254,596,3,1,12,1,0
255,599,3,1,12,2,0
256,602,3,1,12,2,0
257,605,3,1,12,2,0
258,608,3,1,12,2,0
259,611,3,1,11,3,0
260,614,3,1,12,1,0
261,617,3,1,12,2,0
262,620,3,1,12,2,0
263,623,3,1,12,2,0
264,626,3,1,12,2,0
265,629,3,1,13,1,0
266,632,3,1,13,2,0
267,635,3,1,13,2,0
268,638,3,1,13,2,0
269,641,3,1,13,2,0
270,644,3,1,12,3,0
271,647,3,1,12,2,0
272,650,3,1,11,3,0
273,653,3,1,11,2,0
274,656,3,1,11,2,0
275,659,3,1,12,1,0
276,662,3,1,12,2,0
277,665,3,1,12,1,1
278,668,3,1,11,3,0
279,671,3,1,11,2,0
280,674,3,1,10,3,0
281,677,3,1,11,1,0
282,680,3,1,10,3,0
283,683,3,1,10,2,0
284,686,3,1,10,2,0
285,689,3,1,8,4,0
286,692,3,1,9,1,0
287,695,3,1,10,1,0
288,698,3,1,10,2,0
289,701,3,1,11,1,0
290,704,3,1,11,1,1
291,707,3,1,10,3,0
292,710,3,1,9,3,0
293,713,3,1,10,1,0
294,716,3,1,9,3,0
295,719,3,1,10,1,0
296,722,3,1,11,1,0
297,725,3,1,11,2,0
298,728,3,1,11,2,0
299,731,3,1,11,2,0
300,734,3,1,11,2,0
301,737,3,1,10,3,0
302,740,3,1,11,1,0
303,743,3,1,11,2,0
304,746,3,1,11,2,0
305,749,3,1,11,2,0
306,752,3,1,12,1,0
307,755,3,1,11,3,0
308,758,3,1,12,1,0
309,761,3,1,11,3,0
310,764,3,1,12,1,0
311,767,3,1,11,3,0
312,770,3,1,10,3,0
313,773,3,1,10,2,0
314,776,3,1,11,1,0
315,779,3,1,10,3,0
316,782,3,1,10,2,0
317,785,3,1,10,2,0
318,788,3,1,10,2,0
319,791,3,1,10,2,0
320,794,3,1,9,3,0
321,797,3,1,10,1,0
322,801,4,1,10,3,0
323,804,3,1,10,2,0
324,807,3,1,10,2,0
325,810,3,1,11,1,0
326,813,3,1,12,1,0
327,816,3,1,12,2,0
328,819,3,1,11,3,0
329,822,3,1,11,2,0
330,825,3,1,12,1,0
331,828,3,1,12,2,0
332,831,3,1,12,2,0
333,834,3,1,13,1,0
334,837,3,1,11,4,0
335,840,3,1,11,1,1
336,843,3,1,11,2,0
337,846,3,1,11,1,1
338,849,3,1,11,2,0
339,852,3,1,10,3,0
340,855,3,1,9,3,0
341,858,3,1,10,1,0
342,861,3,1,9,3,0
343,864,3,1,10,1,0
344,867,3,1,10,2,0
345,870,3,1,9,3,0
346,873,3,1,10,1,0
347,876,3,1,11,1,0
348,879,3,1,11,2,0
349,882,3,1,11,2,0
350,885,3,1,11,2,0
351,888,3,1,11,2,0
352,891,3,1,10,3,0
353,894,3,1,10,2,0
354,897,3,1,10,2,0
355,900,3,1,11,1,0
356,903,3,1,11,2,0
357,906,3,1,11,2,0
358,909,3,1,11,2,0
359,912,3,1,11,2,0
360,915,3,1,10,3,0
361,918,3,1,9,3,0
362,921,3,1,10,1,0
363,924,3,1,10,2,0
364,927,3,1,10,2,0
365,930,3,1,9,3,0
366,933,3,1,10,1,0
367,936,3,1,9,3,0
368,939,3,1,8,3,0
369,942,3,1,9,1,0
370,945,3,1,10,1,0
371,948,3,1,10,2,0
372,951,3,1,11,1,0
373,954,3,1,12,1,0
374,957,3,1,12,2,0
375,960,3,1,12,2,0
376,963,3,1,12,2,0
377,966,3,1,13,1,0
378,969,3,1,12,3,0
379,972,3,1,12,1,1
380,975,3,1,12,1,1
381,978,3,1,12,2,0
382,981,3,1,11,3,0
383,984,3,1,11,2,0
384,987,3,1,11,2,0
385,990,3,1,11,2,0
386,993,3,1,10,3,0
387,996,3,1,10,2,0
388,999,3,1,11,1,0
389,1002,3,1,11,1,1
390,1005,3,1,11,2,0
391,1008,3,1,11,2,0
392,1011,3,1,11,1,1
393,1014,3,1,11,2,0
394,1017,3,1,11,2,0
395,1020,3,1,11,1,1
396,1023,3,1,11,2,0
397,1026,3,1,10,3,0
398,1029,3,1,10,2,0
399,1032,3,1,11,1,0
400,1035,3,1,10,3,0
401,1038,3,1,11,1,0
402,1041,3,1,11,2,0
403,1044,3,1,10,3,0
404,1047,3,1,10,2,0
405,1050,3,1,10,2,0
406,1053,3,1,10,2,0
407,1056,3,1,10,2,0
408,1059,3,1,10,2,0
409,1062,3,1,9,3,0
410,1065,3,1,10,1,0
411,1067,2,1,10,1,0
412,1069,2,1,10,1,0
413,1071,2,1,10,1,0
414,1073,2,1,10,1,0
415,1075,2,1,10,0,1
416,1077,2,1,10,0,1
417,1079,2,1,10,1,0
418,1081,2,1,10,0,1
419,1083,2,1,10,0,1
420,1085,2,1,10,0,1
421,1087,2,1,10,1,0
422,1089,2,1,10,0,1
423,1091,2,1,10,1,0
424,1093,2,1,10,1,0
425,1095,2,1,10,0,1
426,1097,2,1,10,0,1
427,1099,2,1,10,1,0
428,1101,2,1,10,0,1
429,1103,2,1,10,0,1
430,1105,2,1,10,0,1
431,1107,2,1,10,0,1
432,1109,2,1,10,0,1
433,1111,2,1,10,0,1
434,1113,2,1,10,0,1
435,1115,2,1,10,0,1
436,1117,2,1,10,0,1
437,1119,2,1,10,0,1
438,1121,2,1,10,1,0
439,1123,2,1,10,1,0
440,1125,2,1,10,1,0
441,1127,2,1,10,1,0
442,1129,2,1,10,1,0
443,1131,2,1,10,0,1
444,1133,2,1,10,0,1
445,1135,2,1,10,1,0
446,1137,2,1,10,1,0
447,1139,2,1,10,0,1
448,1141,2,1,10,0,1
449,1143,2,1,10,0,1
450,1145,2,1,10,1,0
451,1147,2,1,10,1,0
452,1149,2,1,10,1,0
453,1151,2,1,10,0,1
454,1153,2,1,10,0,1
455,1155,2,1,10,0,1
456,1157,2,1,10,1,0
457,1159,2,1,10,0,1
458,1161,2,1,10,0,1
459,1163,2,1,10,0,1
460,1165,2,1,10,0,1
461,1167,2,1,10,1,0
462,1169,2,1,10,0,1
463,1171,2,1,10,0,1
464,1173,2,1,10,1,0
465,1175,2,1,10,0,1
466,1177,2,1,10,1,0
467,1179,2,1,10,1,0
468,1181,2,1,10,0,1
469,1183,2,1,10,1,0
470,1185,2,1,10,1,0
471,1187,2,1,10,0,1
472,1189,2,1,10,1,0
473,1191,2,1,10,1,0
474,1193,2,1,10,1,0
475,1195,2,1,10,0,1
476,1197,2,1,10,0,1
477,1199,2,1,10,0,1
478,1201,2,1,10,0,1
479,1203,2,1,10,0,1
480,1205,2,1,10,0,1
481,1207,2,1,10,0,1
482,1209,2,1,10,0,1
483,1211,2,1,10,0,1
484,1213,2,1,10,0,1
485,1215,2,1,10,0,1
486,1217,2,1,10,0,1
487,1219,2,1,10,0,1
488,1221,2,1,10,0,1
489,1223,2,1,10,0,1
490,1225,2,1,10,0,1
491,1227,2,1,10,0,1
492,1229,2,1,10,0,1
493,1231,2,1,10,0,1
494,1233,2,1,10,0,1
495,1235,2,1,10,0,1
496,1237,2,1,10,0,1
497,1239,2,1,10,0,1
498,1241,2,1,10,0,1
499,1243,2,1,10,0,1
500,1245,2,1,10,0,1
501,1247,2,1,10,0,1
502,1249,2,1,10,0,1
503,1251,2,1,10,0,1
504,1253,2,1,10,0,1
505,1255,2,1,10,0,1
506,1257,2,1,10,0,1
507,1259,2,1,10,0,1
508,1261,2,1,10,0,1
509,1263,2,1,10,0,1
510,1265,2,1,10,0,1
511,1267,2,1,10,0,1
512,1269,2,1,10,0,1
513,1271,2,1,10,0,1
514,1273,2,1,10,0,1
515,1275,2,1,10,0,1
516,1277,2,1,10,0,1
517,1279,2,1,10,0,1
518,1281,2,1,10,0,1
519,1283,2,1,10,0,1
520,1285,2,1,10,0,1
521,1287,2,1,10,0,1
522,1289,2,1,10,0,1
523,1291,2,1,10,0,1
524,1293,2,1,10,0,1
525,1295,2,1,10,0,1
526,1297,2,1,10,1,0
527,1299,2,1,10,1,0
528,1301,2,1,10,0,1
529,1303,2,1,10,1,0
530,1305,2,1,10,1,0
531,1307,2,1,10,0,1
532,1309,2,1,10,0,1
533,1311,2,1,10,0,1
534,1313,2,1,10,0,1
535,1315,2,1,10,0,1
536,1317,2,1,10,0,1
537,1319,2,1,10,1,0
538,1321,2,1,10,0,1
539,1323,2,1,10,0,1
540,1325,2,1,10,0,1
541,1327,2,1,10,1,0
542,1329,2,1,10,1,0
543,1331,2,1,10,0,1
544,1333,2,1,10,1,0
545,1335,2,1,10,1,0
546,1337,2,1,10,0,1
547,1339,2,1,10,1,0
548,1341,2,1,10,1,0
549,1343,2,1,10,0,1
550,1345,2,1,10,1,0
551,1347,2,1,10,0,1
552,1349,2,1,10,0,1
553,1351,2,1,10,1,0
554,1353,2,1,10,0,1
555,1355,2,1,10,1,0
556,1357,2,1,10,0,1
557,1359,2,1,10,0,1
558,1361,2,1,10,0,1
559,1363,2,1,10,1,0
560,1365,2,1,10,0,1
561,1367,2,1,10,1,0
562,1369,2,1,10,0,1
563,1371,2,1,10,1,0
564,1373,2,1,10,1,0
565,1375,2,1,9,2,0
566,1377,2,1,9,1,0
567,1379,2,1,10,0,0
568,1381,2,1,9,2,0
569,1383,2,1,10,0,0
570,1385,2,1,10,1,0
571,1387,2,1,10,1,0
572,1389,2,1,9,2,0
573,1391,2,1,9,1,0
574,1393,2,1,9,1,0
575,1395,2,1,9,1,0
576,1397,2,1,9,1,0
577,1399,2,1,9,1,0
578,1401,2,1,10,0,0
579,1403,2,1,9,2,0
580,1405,2,1,9,1,0
581,1407,2,1,10,0,0
582,1409,2,1,9,2,0
583,1411,2,1,10,0,0
584,1413,2,1,10,1,0
585,1415,2,1,10,1,0
586,1417,2,1,10,0,1
587,1419,2,1,10,1,0
588,1421,2,1,10,1,0
589,1423,2,1,10,1,0
590,1425,2,1,9,2,0
591,1427,2,1,9,1,0
592,1429,2,1,10,0,0
593,1431,2,1,10,1,0
594,1433,2,1,8,3,0
595,1435,2,1,9,0,0
596,1437,2,1,10,0,0
597,1439,2,1,10,1,0
598,1441,2,1,10,1,0
599,1443,2,1,10,1,0
600,1445,2,1,10,1,0
601,1447,2,1,9,2,0
602,1449,2,1,9,1,0
603,1451,2,1,8,2,0
604,1453,2,1,9,0,0
605,1455,2,1,9,1,0
606,1457,2,1,10,0,0
607,1459,2,1,10,1,0
608,1461,2,1,10,1,0
609,1463,2,1,10,1,0
610,1465,2,1,9,2,0
611,1467,2,1,9,1,0
612,1469,2,1,9,1,0
613,1471,2,1,9,1,0
614,1473,2,1,9,1,0
615,1475,2,1,9,1,0
616,1477,2,1,9,1,0
617,1479,2,1,9,1,0
618,1481,2,1,8,2,0
619,1483,2,1,8,1,0
620,1485,2,1,8,1,0
621,1487,2,1,8,1,0
622,1489,2,1,8,1,0
623,1491,2,1,8,1,0
624,1493,2,1,8,1,0
625,1495,2,1,8,1,0
626,1497,2,1,8,1,0
627,1499,2,1,8,1,0
628,1501,2,1,8,1,0
629,1503,2,1,9,0,0
630,1505,2,1,9,1,0
631,1507,2,1,9,1,0
632,1509,2,1,9,1,0
633,1511,2,1,10,0,0
634,1513,2,1,10,1,0
635,1515,2,1,9,2,0
636,1517,2,1,8,2,0
637,1519,2,1,8,1,0
638,1521,2,1,8,1,0
639,1523,2,1,8,1,0
640,1525,2,1,8,1,0
641,1527,2,1,8,1,0
642,1529,2,1,8,1,0
643,1531,2,1,8,1,0
644,1533,2,1,8,1,0
645,1535,2,1,8,1,0
646,1537,2,1,8,1,0
647,1539,2,1,9,0,0
648,1541,2,1,9,1,0
649,1543,2,1,8,2,0
650,1545,2,1,9,0,0
651,1547,2,1,9,1,0
652,1549,2,1,10,0,0
653,1551,2,1,9,2,0
654,1553,2,1,9,1,0
655,1555,2,1,9,1,0
656,1557,2,1,9,1,0
657,1559,2,1,9,1,0
658,1561,2,1,9,1,0
659,1563,2,1,10,0,0
660,1565,2,1,10,1,0
661,1567,2,1,10,1,0
662,1569,2,1,9,2,0
663,1571,2,1,10,0,0
664,1573,2,1,10,1,0
665,1575,2,1,10,1,0
666,1577,2,1,10,1,0
667,1579,2,1,10,1,0
668,1581,2,1,10,1,0
669,1583,2,1,10,0,1
670,1585,2,1,10,1,0
671,1587,2,1,10,1,0
672,1589,2,1,10,1,0
673,1591,2,1,10,1,0
674,1593,2,1,10,1,0
675,1595,2,1,10,1,0
676,1597,2,1,9,2,0
677,1599,2,1,10,0,0
678,1601,2,1,10,1,0
679,1603,2,1,9,2,0
680,1605,2,1,10,0,0
681,1607,2,1,10,0,1
682,1609,2,1,10,1,0
683,1611,2,1,10,1,0
684,1613,2,1,10,1,0
685,1615,2,1,10,1,0
686,1617,2,1,9,2,0
687,1619,2,1,10,0,0
688,1621,2,1,10,1,0
689,1623,2,1,10,0,1
690,1625,2,1,10,0,1
691,1627,2,1,9,2,0
692,1629,2,1,10,0,0
693,1631,2,1,10,1,0
694,1633,2,1,9,2,0
695,1635,2,1,9,1,0
696,1637,2,1,10,0,0
697,1639,2,1,10,0,1
698,1641,2,1,10,0,1
699,1643,2,1,10,1,0
700,1645,2,1,10,1,0
701,1647,2,1,10,1,0
702,1649,2,1,10,1,0
703,1651,2,1,10,0,1
704,1653,2,1,10,0,1
705,1655,2,1,10,0,1
706,1657,2,1,10,0,1
707,1659,2,1,10,1,0
708,1661,2,1,10,0,1
709,1663,2,1,10,0,1
710,1665,2,1,10,0,1
711,1667,2,1,10,1,0
712,1669,2,1,10,0,1
713,1671,2,1,10,0,1
714,1673,2,1,10,1,0
715,1675,2,1,10,0,1
716,1677,2,1,10,0,1
717,1679,2,1,10,0,1
718,1681,2,1,10,0,1
719,1683,2,1,10,0,1
720,1685,2,1,10,0,1
721,1687,2,1,10,0,1
722,1689,2,1,10,0,1
723,1691,2,1,10,0,1
724,1693,2,1,10,0,1
725,1695,2,1,10,0,1
726,1697,2,1,10,0,1
727,1699,2,1,10,0,1
728,1701,2,1,10,0,1
729,1703,2,1,10,0,1
730,1705,2,1,10,0,1
731,1707,2,1,10,0,1
732,1709,2,1,10,0,1
733,1711,2,1,10,0,1
734,1713,2,1,10,0,1
735,1715,2,1,10,0,1
736,1717,2,1,10,0,1
737,1719,2,1,10,0,1
738,1721,2,1,10,0,1
739,1723,2,1,10,0,1
740,1725,2,1,10,0,1
741,1727,2,1,10,0,1
742,1729,2,1,10,0,1
743,1731,2,1,10,0,1
744,1733,2,1,10,0,1
745,1735,2,1,10,0,1
746,1737,2,1,10,0,1
747,1739,2,1,10,0,1
748,1741,2,1,10,0,1
749,1743,2,1,10,0,1
750,1745,2,1,10,0,1
751,1747,2,1,10,0,1
752,1749,2,1,10,0,1
753,1751,2,1,10,0,1
754,1753,2,1,10,0,1
755,1755,2,1,10,0,1
756,1757,2,1,10,0,1
757,1759,2,1,10,0,1
758,1761,2,1,10,0,1
759,1763,2,1,10,0,1
760,1765,2,1,10,0,1
761,1767,2,1,10,0,1
762,1769,2,1,10,0,1
763,1771,2,1,10,0,1
764,1773,2,1,10,0,1
765,1775,2,1,10,0,1
766,1777,2,1,10,0,1
767,1779,2,1,10,0,1
768,1781,2,1,10,0,1
769,1783,2,1,10,0,1
770,1785,2,1,10,0,1
771,1787,2,1,10,0,1
772,1789,2,1,10,0,1
773,1791,2,1,10,0,1
774,1793,2,1,10,0,1
775,1795,2,1,10,0,1
776,1797,2,1,10,0,1
777,1799,2,1,10,0,1
778,1801,2,1,10,0,1
779,1803,2,1,10,0,1
780,1805,2,1,10,0,1
781,1807,2,1,10,0,1
782,1809,2,1,10,0,1
783,1811,2,1,10,0,1
784,1813,2,1,10,0,1
785,1815,2,1,10,0,1
786,1817,2,1,10,0,1
787,1819,2,1,10,0,1
788,1821,2,1,10,0,1
789,1823,2,1,10,0,1
790,1825,2,1,10,0,1
791,1827,2,1,10,0,1
792,1829,2,1,10,0,1
793,1831,2,1,10,0,1
794,1833,2,1,10,0,1
795,1835,2,1,10,0,1
796,1837,2,1,10,0,1
797,1839,2,1,10,0,1
798,1841,2,1,10,0,1
799,1843,2,1,10,0,1
800,1845,2,1,10,0,1
801,1847,2,1,10,0,1
802,1849,2,1,10,0,1
803,1851,2,1,10,0,1
804,1853,2,1,10,0,1
805,1855,2,1,10,0,1
806,1857,2,1,10,0,1
807,1859,2,1,10,0,1
808,1861,2,1,10,0,1
809,1863,2,1,10,0,1
810,1865,2,1,10,0,1
811,1867,2,1,10,0,1
812,1869,2,1,10,0,1
813,1871,2,1,10,0,1
814,1873,2,1,10,0,1
815,1875,2,1,10,0,1
816,1877,2,1,10,0,1
817,1879,2,1,10,0,1
818,1881,2,1,10,0,1
819,1883,2,1,10,0,1
820,1885,2,1,10,0,1
821,1887,2,1,10,0,1
822,1889,2,1,10,0,1
823,1891,2,1,10,0,1
824,1893,2,1,10,0,1
825,1895,2,1,10,0,1
826,1897,2,1,10,0,1
827,1899,2,1,10,0,1
828,1901,2,1,10,0,1
829,1903,2,1,10,0,1
830,1905,2,1,10,0,1
831,1907,2,1,10,0,1
832,1909,2,1,10,0,1
833,1911,2,1,10,0,1
834,1913,2,1,10,0,1
835,1915,2,1,10,0,1
836,1917,2,1,10,0,1
837,1919,2,1,10,0,1
838,1921,2,1,10,0,1
839,1923,2,1,10,0,1
840,1925,2,1,10,0,1
841,1927,2,1,10,0,1
842,1929,2,1,10,0,1
843,1931,2,1,10,0,1
844,1933,2,1,10,0,1
845,1935,2,1,10,0,1
846,1937,2,1,10,0,1
847,1939,2,1,10,0,1
848,1941,2,1,10,0,1
849,1943,2,1,10,0,1
850,1945,2,1,10,0,1
851,1947,2,1,10,0,1
852,1949,2,1,10,0,1
853,1951,2,1,10,0,1
854,1953,2,1,10,0,1
855,1955,2,1,10,0,1
856,1957,2,1,10,0,1
857,1959,2,1,10,0,1
858,1961,2,1,10,0,1
859,1963,2,1,10,0,1
860,1965,2,1,10,0,1
861,1967,2,1,10,0,1
862,1969,2,1,10,0,1
863,1971,2,1,10,0,1
864,1973,2,1,10,0,1
865,1975,2,1,10,0,1
866,1977,2,1,10,0,1
867,1979,2,1,10,0,1
868,1981,2,1,10,0,1
869,1983,2,1,10,0,1
870,1985,2,1,10,0,1
871,1987,2,1,10,0,1
872,1989,2,1,10,0,1
873,1991,2,1,10,0,1
874,1993,2,1,10,0,1
875,1995,2,1,10,0,1
876,1997,2,1,10,0,1
877,1999,2,1,10,0,1
878,2001,2,1,10,0,1
879,2003,2,1,10,0,1
880,2005,2,1,10,0,1
881,2007,2,1,10,0,1
882,2009,2,1,10,0,1
883,2011,2,1,10,0,1
884,2013,2,1,10,0,1
885,2015,2,1,10,0,1
886,2017,2,1,10,0,1
887,2019,2,1,10,0,1
888,2021,2,1,10,0,1
889,2023,2,1,10,0,1
890,2025,2,1,10,0,1
891,2027,2,1,10,0,1
892,2029,2,1,10,0,1
893,2031,2,1,10,0,1
894,2033,2,1,10,0,1
895,2035,2,1,10,0,1
896,2037,2,1,10,0,1
897,2039,2,1,10,0,1
898,2041,2,1,10,0,1
899,2043,2,1,10,0,1
900,2045,2,1,10,0,1
901,2047,2,1,10,0,1
902,2049,2,1,10,0,1
903,2051,2,1,10,0,1
904,2053,2,1,10,0,1
905,2055,2,1,10,0,1
906,2057,2,1,10,0,1
907,2059,2,1,10,0,1
908,2061,2,1,10,0,1
909,2063,2,1,10,0,1
910,2065,2,1,10,0,1
911,2067,2,1,10,0,1
912,2069,2,1,10,0,1
913,2071,2,1,10,0,1
914,2073,2,1,10,0,1
915,2075,2,1,10,0,1
916,2077,2,1,10,0,1
917,2079,2,1,10,0,1
918,2081,2,1,10,0,1
919,2083,2,1,10,0,1
920,2085,2,1,10,0,1
921,2087,2,1,10,0,1
922,2089,2,1,10,0,1
923,2091,2,1,10,0,1
924,2093,2,1,10,0,1
925,2095,2,1,10,0,1
926,2097,2,1,10,0,1
927,2099,2,1,10,0,1
928,2101,2,1,10,0,1
929,2103,2,1,10,0,1
930,2105,2,1,10,0,1
931,2107,2,1,10,0,1
932,2109,2,1,10,0,1
933,2111,2,1,10,0,1
934,2113,2,1,10,0,1
935,2115,2,1,10,0,1
936,2117,2,1,10,0,1
937,2119,2,1,10,0,1
938,2121,2,1,10,0,1
939,2123,2,1,10,0,1
940,2125,2,1,10,0,1
941,2127,2,1,10,0,1
942,2129,2,1,10,0,1
943,2131,2,1,10,0,1
944,2133,2,1,10,0,1
945,2135,2,1,10,0,1
946,2137,2,1,10,0,1
947,2139,2,1,10,0,1
948,2141,2,1,10,0,1
949,2143,2,1,10,0,1
950,2145,2,1,10,0,1
951,2147,2,1,10,0,1
952,2149,2,1,10,0,1
953,2151,2,1,10,0,1
954,2153,2,1,10,0,1
955,2155,2,1,10,0,1
956,2157,2,1,10,0,1
957,2159,2,1,10,0,1
958,2161,2,1,10,0,1
959,2163,2,1,10,0,1
960,2165,2,1,10,0,1
961,2167,2,1,10,0,1
962,2169,2,1,10,0,1
963,2171,2,1,10,0,1
964,2173,2,1,10,0,1
965,2175,2,1,10,0,1
966,2177,2,1,10,0,1
967,2179,2,1,10,0,1
968,2181,2,1,10,0,1
969,2183,2,1,10,0,1
970,2185,2,1,10,0,1
971,2187,2,1,10,0,1
972,2189,2,1,10,0,1
973,2191,2,1,10,0,1
974,2193,2,1,10,0,1
975,2195,2,1,10,0,1
976,2197,2,1,10,0,1
977,2199,2,1,10,0,1
978,2201,2,1,10,0,1
979,2203,2,1,10,0,1
980,2205,2,1,10,0,1
981,2207,2,1,10,0,1
982,2209,2,1,10,0,1
983,2211,2,1,10,0,1
984,2213,2,1,10,0,1
985,2215,2,1,10,0,1
986,2217,2,1,10,0,1
987,2219,2,1,10,0,1
988,2221,2,1,10,0,1
989,2223,2,1,10,0,1
990,2225,2,1,10,0,1
991,2227,2,1,10,0,1
992,2229,2,1,10,0,1
993,2231,2,1,10,0,1
994,2233,2,1,10,0,1
995,2235,2,1,10,0,1
996,2237,2,1,10,0,1
997,2239,2,1,10,0,1
998,2241,2,1,10,0,1
999,2243,2,1,10,0,1
1000,2245,2,1,10,0,1
1001,2247,2,1,10,0,1
1002,2249,2,1,10,0,1
1003,2251,2,1,10,0,1
1004,2253,2,1,10,0,1
1005,2255,2,1,10,0,1
1006,2257,2,1,10,0,1
1007,2259,2,1,10,0,1
1008,2261,2,1,10,0,1
1009,2263,2,1,10,0,1
1010,2265,2,1,10,0,1
1011,2267,2,1,10,0,1
1012,2269,2,1,10,0,1
1013,2271,2,1,10,0,1
1014,2273,2,1,10,0,1
1015,2275,2,1,10,0,1
1016,2277,2,1,10,0,1
1017,2279,2,1,10,0,1
1018,2281,2,1,10,0,1
1019,2283,2,1,10,0,1
1020,2285,2,1,10,0,1
1021,2287,2,1,10,0,1
1022,2289,2,1,10,0,1
1023,2291,2,1,10,0,1
1024,2293,2,1,10,0,1
1025,2295,2,1,10,0,1
1026,2297,2,1,10,0,1
1027,2299,2,1,10,0,1
1028,2301,2,1,10,0,1
1029,2303,2,1,10,0,1
1030,2305,2,1,10,0,1
1031,2307,2,1,10,0,1
1032,2309,2,1,10,0,1
1033,2311,2,1,10,0,1
1034,2313,2,1,10,0,1
1035,2315,2,1,10,0,1
1036,2317,2,1,10,0,1
1037,2319,2,1,10,0,1
1038,2321,2,1,10,0,1
1039,2323,2,1,10,0,1
1040,2325,2,1,10,0,1
1041,2327,2,1,10,0,1
1042,2329,2,1,10,0,1
1043,2331,2,1,10,0,1
1044,2333,2,1,10,0,1
1045,2335,2,1,10,0,1
1046,2337,2,1,10,0,1
1047,2339,2,1,10,0,1
1048,2341,2,1,10,0,1
1049,2343,2,1,10,0,1
1050,2345,2,1,10,0,1
1051,2347,2,1,10,0,1
1052,2349,2,1,10,0,1
1053,2351,2,1,10,0,1
1054,2353,2,1,10,0,1
1055,2355,2,1,10,0,1
1056,2357,2,1,10,0,1
1057,2359,2,1,10,0,1
1058,2361,2,1,10,0,1
1059,2363,2,1,10,0,1
1060,2365,2,1,10,0,1
1061,2367,2,1,10,0,1
1062,2369,2,1,10,0,1
1063,2371,2,1,10,0,1
1064,2373,2,1,10,0,1
1065,2375,2,1,10,0,1
1066,2377,2,1,10,0,1
1067,2379,2,1,10,0,1
1068,2381,2,1,10,0,1
1069,2383,2,1,10,0,1
1070,2385,2,1,10,0,1
1071,2387,2,1,10,0,1
1072,2389,2,1,10,0,1
1073,2391,2,1,10,0,1
1074,2393,2,1,10,0,1
1075,2395,2,1,10,0,1
1076,2397,2,1,10,0,1
1077,2399,2,1,10,0,1
1078,2401,2,1,10,0,1
1079,2403,2,1,10,0,1
1080,2405,2,1,10,0,1
1081,2407,2,1,10,0,1
1082,2409,2,1,10,0,1
1083,2411,2,1,10,0,1
1084,2413,2,1,10,0,1
1085,2415,2,1,10,0,1
1086,2417,2,1,10,0,1
1087,2419,2,1,10,0,1
1088,2421,2,1,10,0,1
1089,2423,2,1,10,0,1
1090,2425,2,1,10,0,1
1091,2427,2,1,10,0,1
1092,2429,2,1,10,0,1
1093,2431,2,1,10,0,1
1094,2433,2,1,10,0,1
1095,2435,2,1,10,0,1
1096,2437,2,1,10,0,1
1097,2439,2,1,10,0,1
1098,2441,2,1,10,0,1
1099,2443,2,1,10,0,1
1100,2445,2,1,10,0,1
1101,2447,2,1,10,0,1
1102,2449,2,1,10,0,1
1103,2451,2,1,10,0,1
1104,2453,2,1,10,0,1
1105,2455,2,1,10,0,1
1106,2457,2,1,10,0,1
1107,2459,2,1,10,0,1
1108,2461,2,1,10,0,1
1109,2463,2,1,10,0,1
1110,2465,2,1,10,0,1
1111,2467,2,1,10,0,1
1112,2469,2,1,10,0,1
1113,2471,2,1,10,0,1
1114,2473,2,1,10,0,1
1115,2475,2,1,10,0,1
1116,2477,2,1,10,0,1
1117,2479,2,1,10,0,1
1118,2481,2,1,10,0,1
1119,2483,2,1,10,0,1
1120,2485,2,1,10,0,1
1121,2487,2,1,10,0,1
1122,2489,2,1,10,0,1
1123,2491,2,1,10,0,1
1124,2493,2,1,10,0,1
1125,2495,2,1,10,0,1
1126,2497,2,1,10,0,1
1127,2499,2,1,10,0,1
1128,2501,2,1,10,0,1
1129,2503,2,1,10,0,1
1130,2505,2,1,10,0,1
1131,2507,2,1,10,0,1
1132,2509,2,1,10,0,1
1133,2511,2,1,10,0,1
1134,2513,2,1,10,0,1
1135,2515,2,1,10,0,1
1136,2517,2,1,10,0,1
1137,2519,2,1,10,0,1
1138,2521,2,1,10,0,1
1139,2523,2,1,10,0,1
1140,2525,2,1,10,0,1
1141,2527,2,1,10,0,1
1142,2529,2,1,10,0,1
1143,2531,2,1,10,0,1
1144,2533,2,1,10,0,1
1145,2535,2,1,10,0,1
1146,2537,2,1,10,0,1
1147,2539,2,1,10,0,1
1148,2541,2,1,10,0,1
1149,2543,2,1,10,0,1
1150,2545,2,1,10,0,1
1151,2547,2,1,10,0,1
1152,2549,2,1,10,0,1
1153,2551,2,1,10,0,1
1154,2553,2,1,10,0,1
1155,2555,2,1,10,0,1
1156,2557,2,1,10,0,1
1157,2559,2,1,10,0,1
1158,2561,2,1,10,0,1
1159,2563,2,1,10,0,1
1160,2565,2,1,10,0,1
1161,2567,2,1,10,0,1
1162,2569,2,1,10,0,1
1163,2571,2,1,10,0,1
1164,2573,2,1,10,0,1
1165,2575,2,1,10,0,1
1166,2577,2,1,10,0,1
1167,2579,2,1,10,0,1
1168,2581,2,1,10,0,1
1169,2583,2,1,10,0,1
1170,2585,2,1,10,0,1
1171,2587,2,1,10,0,1
1172,2589,2,1,10,0,1
1173,2591,2,1,10,0,1
1174,2593,2,1,10,0,1
1175,2595,2,1,10,0,1
1176,2597,2,1,10,0,1
1177,2599,2,1,10,0,1
1178,2601,2,1,10,0,1
1179,2603,2,1,10,0,1
1180,2605,2,1,10,0,1
1181,2607,2,1,10,0,1
1182,2609,2,1,10,0,1
1183,2611,2,1,10,0,1
1184,2613,2,1,10,0,1
1185,2615,2,1,10,0,1
1186,2617,2,1,10,0,1
1187,2619,2,1,10,0,1
1188,2621,2,1,10,0,1
1189,2623,2,1,10,0,1
1190,2625,2,1,10,0,1
1191,2627,2,1,10,0,1
1192,2629,2,1,10,0,1
1193,2631,2,1,10,0,1
1194,2633,2,1,10,0,1
1195,2635,2,1,10,0,1
1196,2637,2,1,10,0,1
1197,2639,2,1,10,0,1
1198,2641,2,1,10,0,1
1199,2643,2,1,10,0,1
1200,2645,2,1,10,0,1
1201,2647,2,1,10,0,1
1202,2649,2,1,10,0,1
1203,2651,2,1,10,0,1
1204,2653,2,1,10,0,1
1205,2655,2,1,10,0,1
1206,2657,2,1,10,0,1
1207,2659,2,1,10,0,1
1208,2661,2,1,10,0,1
1209,2663,2,1,10,0,1
1210,2665,2,1,10,0,1
1211,2667,2,1,10,0,1
1212,2669,2,1,10,0,1
1213,2671,2,1,10,0,1
1214,2673,2,1,10,0,1
1215,2675,2,1,10,0,1
1216,2677,2,1,10,0,1
1217,2679,2,1,10,0,1
1218,2681,2,1,10,0,1
1219,2683,2,1,10,0,1
1220,2685,2,1,10,0,1
1221,2687,2,1,10,0,1
1222,2689,2,1,10,0,1
1223,2691,2,1,10,0,1
1224,2693,2,1,10,0,1
1225,2695,2,1,10,0,1
1226,2697,2,1,10,0,1
1227,2699,2,1,10,0,1
1228,2701,2,1,10,0,1
1229,2703,2,1,10,0,1
1230,2705,2,1,10,0,1
1231,2707,2,1,10,0,1
1232,2709,2,1,10,0,1
1233,2711,2,1,10,0,1
1234,2713,2,1,10,0,1
1235,2715,2,1,10,0,1
1236,2717,2,1,10,0,1
1237,2719,2,1,10,0,1
1238,2721,2,1,10,0,1
1239,2723,2,1,10,0,1
1240,2725,2,1,10,0,1
1241,2727,2,1,10,0,1
1242,2729,2,1,10,0,1
1243,2731,2,1,10,0,1
1244,2733,2,1,10,0,1
1245,2735,2,1,10,0,1
1246,2737,2,1,10,0,1
1247,2739,2,1,10,0,1
1248,2741,2,1,10,0,1
1249,2743,2,1,10,0,1
1250,2745,2,1,10,0,1
1251,2747,2,1,10,0,1
1252,2748,1,1,10,0,1
1253,2750,2,1,10,0,1
1254,2752,2,1,10,0,1
1255,2754,2,1,10,0,1
1256,2756,2,1,10,0,1
1257,2758,2,1,10,0,1
1258,2759,1,1,10,0,1
1259,2761,2,1,10,0,1
1260,2762,1,1,10,0,1
1261,2764,2,1,10,0,1
1262,2766,2,1,10,0,1
1263,2768,2,1,10,0,1
1264,2769,1,1,10,0,1
1265,2771,2,1,10,0,1
1266,2773,2,1,10,0,1
1267,2775,2,1,10,0,1
1268,2777,2,1,10,0,1
1269,2778,1,1,10,0,1
1270,2779,1,1,10,0,1
1271,2781,2,1,10,0,1
1272,2782,1,1,10,0,1
1273,2784,2,1,10,0,1
1274,2786,2,1,10,0,1
1275,2788,2,1,10,0,1
1276,2790,2,1,10,0,1
1277,2792,2,1,10,0,1
1278,2793,1,1,10,0,1
1279,2795,2,1,10,0,1
1280,2797,2,1,10,0,1
1281,2799,2,1,10,0,1
1282,2801,2,1,10,0,1
1283,2803,2,1,10,0,1
1284,2805,2,1,10,0,1
1285,2806,1,1,10,0,1
1286,2808,2,1,10,0,1
1287,2810,2,1,10,0,1
1288,2812,2,1,10,0,1
1289,2814,2,1,10,0,1
1290,2816,2,1,10,0,1
1291,2818,2,1,10,0,1
1292,2819,1,1,10,0,1
1293,2821,2,1,10,0,1
1294,2823,2,1,10,0,1
1295,2824,1,1,10,0,1
1296,2826,2,1,10,0,1
1297,2828,2,1,10,0,1
1298,2829,1,1,10,0,1
1299,2831,2,1,10,0,1
1300,2833,2,1,10,0,1
1301,2835,2,1,10,0,1
1302,2837,2,1,10,0,1
1303,2838,1,1,10,0,1
1304,2840,2,1,10,0,1
1305,2842,2,1,10,0,1
1306,2844,2,1,10,0,1
1307,2845,1,1,10,0,1
1308,2847,2,1,10,0,1
1309,2849,2,1,10,0,1
1310,2851,2,1,10,0,1
1311,2853,2,1,10,0,1
1312,2854,1,1,10,0,1
1313,2856,2,1,10,0,1
1314,2858,2,1,10,0,1
1315,2860,2,1,10,0,1
1316,2862,2,1,10,0,1
1317,2864,2,1,10,0,1
1318,2866,2,1,10,0,1
1319,2867,1,1,10,0,1
1320,2869,2,1,10,0,1
1321,2871,2,1,10,0,1
1322,2872,1,1,10,0,1
1323,2874,2,1,10,0,1
1324,2876,2,1,10,0,1
1325,2878,2,1,10,0,1
1326,2880,2,1,10,0,1
1327,2882,2,1,10,0,1
1328,2884,2,1,10,0,1
1329,2885,1,1,10,0,1
1330,2887,2,1,10,0,1
1331,2889,2,1,10,0,1
1332,2890,1,1,10,0,1
1333,2892,2,1,10,0,1
1334,2893,1,1,10,0,1
1335,2895,2,1,10,0,1
1336,2897,2,1,10,0,1
1337,2898,1,1,10,0,1
1338,2899,1,1,10,0,1
1339,2901,2,1,10,0,1
1340,2903,2,1,10,0,1
1341,2905,2,1,10,0,1
1342,2907,2,1,10,0,1
1343,2909,2,1,10,0,1
1344,2910,1,1,10,0,1
1345,2911,1,1,10,0,1
1346,2912,1,1,10,0,1
1347,2914,2,1,10,0,1
1348,2915,1,1,10,0,1
1349,2917,2,1,10,0,1
1350,2919,2,1,10,0,1
1351,2921,2,1,10,0,1
1352,2922,1,1,10,0,1
1353,2924,2,1,10,0,1
1354,2926,2,1,10,0,1
1355,2928,2,1,10,0,1
1356,2930,2,1,10,0,1
1357,2932,2,1,10,0,1
1358,2934,2,1,10,0,1
1359,2935,1,1,10,0,1
1360,2936,1,1,10,0,1
1361,2938,2,1,10,0,1
1362,2940,2,1,10,0,1
1363,2941,1,1,10,0,1
1364,2943,2,1,10,0,1
1365,2945,2,1,10,0,1
1366,2947,2,1,10,0,1
1367,2949,2,1,10,0,1
1368,2950,1,1,10,0,1
1369,2952,2,1,10,0,1
1370,2954,2,1,10,0,1
1371,2955,1,1,10,0,1
1372,2957,2,1,10,0,1
1373,2959,2,1,10,0,1
1374,2961,2,1,10,0,1
1375,2963,2,1,10,0,1
1376,2965,2,1,10,0,1
1377,2967,2,1,10,0,1
1378,2969,2,1,10,0,1
1379,2971,2,1,10,0,1
1380,2972,1,1,10,0,1
1381,2973,1,1,10,0,1
1382,2975,2,1,10,0,1
1383,2977,2,1,10,0,1
1384,2979,2,1,10,0,1
1385,2981,2,1,10,0,1
1386,2982,1,1,10,0,1
1387,2984,2,1,10,0,1
1388,2986,2,1,10,0,1
1389,2987,1,1,10,0,1
1390,2989,2,1,10,0,1
1391,2990,1,1,10,0,1
1392,2992,2,1,10,0,1
1393,2994,2,1,10,0,1
1394,2996,2,1,10,0,1
1395,2997,1,1,10,0,1
1396,2999,2,1,10,0,1
1397,3001,2,1,10,0,1
1398,3003,2,1,10,0,1
1399,3005,2,1,10,0,1
1400,3007,2,1,10,0,1
1401,3009,2,1,10,0,1
1402,3010,1,1,10,0,1
1403,3012,2,1,10,0,1
1404,3014,2,1,10,0,1
1405,3016,2,1,10,0,1
1406,3018,2,1,10,0,1
1407,3019,1,1,10,0,1
1408,3020,1,1,10,0,1
1409,3021,1,1,10,0,1
1410,3023,2,1,10,0,1
1411,3025,2,1,10,0,1
1412,3027,2,1,10,0,1
1413,3029,2,1,10,0,1
1414,3031,2,1,10,0,1
1415,3033,2,1,10,0,1
1416,3034,1,1,10,0,1
1417,3035,1,1,10,0,1
1418,3036,1,1,10,0,1
1419,3038,2,1,10,0,1
1420,3040,2,1,10,0,1
1421,3042,2,1,10,0,1
1422,3044,2,1,10,0,1
1423,3046,2,1,10,0,1
1424,3048,2,1,10,0,1
1425,3049,1,1,10,0,1
1426,3051,2,1,10,0,1
1427,3053,2,1,10,0,1
1428,3055,2,1,10,0,1
1429,3057,2,1,10,0,1
1430,3059,2,1,10,0,1
1431,3060,1,1,10,0,1
1432,3062,2,1,10,0,1
1433,3064,2,1,10,0,1
1434,3066,2,1,10,0,1
1435,3068,2,1,10,0,1
1436,3070,2,1,10,0,1
1437,3072,2,1,10,0,1
1438,3074,2,1,10,0,1
1439,3075,1,1,10,0,1
1440,3076,1,1,10,0,1
1441,3078,2,1,10,0,1
1442,3079,1,1,10,0,1
1443,3081,2,1,10,0,1
1444,3083,2,1,10,0,1
1445,3085,2,1,10,0,1
1446,3087,2,1,10,0,1
1447,3089,2,1,10,0,1
1448,3091,2,1,10,0,1
1449,3092,1,1,10,0,1
1450,3094,2,1,10,0,1
1451,3096,2,1,10,0,1
1452,3098,2,1,10,0,1
1453,3100,2,1,10,0,1
1454,3102,2,1,10,0,1
1455,3104,2,1,10,0,1
1456,3106,2,1,10,0,1
1457,3107,1,1,10,0,1
1458,3108,1,1,10,0,1
1459,3110,2,1,10,0,1
1460,3112,2,1,10,0,1
1461,3114,2,1,10,0,1
1462,3116,2,1,10,0,1
1463,3118,2,1,10,0,1
1464,3120,2,1,10,0,1
1465,3121,1,1,10,0,1
1466,3123,2,1,10,0,1
1467,3125,2,1,10,0,1
1468,3127,2,1,10,0,1
1469,3129,2,1,10,0,1
1470,3131,2,1,10,0,1
1471,3132,1,1,10,0,1
1472,3134,2,1,10,0,1
1473,3136,2,1,10,0,1
1474,3138,2,1,10,0,1
1475,3140,2,1,10,0,1
1476,3142,2,1,10,0,1
1477,3144,2,1,10,0,1
1478,3145,1,1,10,0,1
1479,3147,2,1,10,0,1
1480,3149,2,1,10,0,1
1481,3151,2,1,10,0,1
1482,3153,2,1,10,0,1
1483,3155,2,1,10,0,1
1484,3157,2,1,10,0,1
1485,3158,1,1,10,0,1
1486,3160,2,1,10,0,1
1487,3162,2,1,10,0,1
1488,3164,2,1,10,0,1
1489,3166,2,1,10,0,1
1490,3168,2,1,10,0,1
1491,3170,2,1,10,0,1
1492,3171,1,1,10,0,1
1493,3173,2,1,10,0,1
1494,3175,2,1,10,0,1
1495,3177,2,1,10,0,1
1496,3179,2,1,10,0,1
1497,3181,2,1,10,0,1
1498,3183,2,1,10,0,1
1499,3184,1,1,10,0,1
1500,3186,2,1,10,0,1
1501,3188,2,1,10,0,1
1502,3190,2,1,10,0,1
1503,3192,2,1,10,0,1
1504,3194,2,1,10,0,1
1505,3196,2,1,10,0,1
1506,3197,1,1,10,0,1
1507,3199,2,1,10,0,1
1508,3201,2,1,10,0,1
1509,3203,2,1,10,0,1
1510,3205,2,1,10,0,1
1511,3207,2,1,10,0,1
1512,3209,2,1,10,0,1
1513,3210,1,1,10,0,1
1514,3212,2,1,10,0,1
1515,3214,2,1,10,0,1
1516,3216,2,1,10,0,1
1517,3218,2,1,10,0,1
1518,3220,2,1,10,0,1
1519,3222,2,1,10,0,1
1520,3223,1,1,10,0,1
1521,3225,2,1,10,0,1
1522,3227,2,1,10,0,1
1523,3229,2,1,10,0,1
1524,3231,2,1,10,0,1
1525,3233,2,1,10,0,1
1526,3235,2,1,10,0,1
1527,3236,1,1,10,0,1
1528,3238,2,1,10,0,1
1529,3240,2,1,10,0,1
1530,3242,2,1,10,0,1
1531,3244,2,1,10,0,1
1532,3246,2,1,10,0,1
1533,3248,2,1,10,0,1
1534,3249,1,1,10,0,1
1535,3251,2,1,10,0,1
1536,3253,2,1,10,0,1
1537,3255,2,1,10,0,1
1538,3257,2,1,10,0,1
1539,3259,2,1,10,0,1
1540,3261,2,1,10,0,1
1541,3262,1,1,10,0,1
1542,3264,2,1,10,0,1
1543,3266,2,1,10,0,1
1544,3268,2,1,10,0,1
1545,3270,2,1,10,0,1
1546,3272,2,1,10,0,1
1547,3274,2,1,10,0,1
1548,3275,1,1,10,0,1
1549,3277,2,1,10,0,1
1550,3279,2,1,10,0,1
1551,3281,2,1,10,0,1
1552,3283,2,1,10,0,1
1553,3284,1,1,10,0,1
1554,3286,2,1,10,0,1
1555,3288,2,1,10,0,1
1556,3290,2,1,10,0,1
1557,3292,2,1,10,0,1
1558,3294,2,1,10,0,1
1559,3296,2,1,10,0,1
1560,3297,1,1,10,0,1
1561,3299,2,1,10,0,1
1562,3301,2,1,10,0,1
1563,3303,2,1,10,0,1
1564,3305,2,1,10,0,1
1565,3307,2,1,10,0,1
1566,3309,2,1,10,0,1
1567,3310,1,1,10,0,1
1568,3312,2,1,10,0,1
1569,3314,2,1,10,0,1
1570,3316,2,1,10,0,1
1571,3318,2,1,10,0,1
1572,3320,2,1,10,0,1
1573,3322,2,1,10,0,1
1574,3323,1,1,10,0,1
1575,3325,2,1,10,0,1
1576,3327,2,1,10,0,1
1577,3329,2,1,10,0,1
1578,3331,2,1,10,0,1
1579,3333,2,1,10,0,1
1580,3335,2,1,10,0,1
1581,3336,1,1,10,0,1
1582,3338,2,1,10,0,1
1583,3340,2,1,10,0,1
1584,3342,2,1,10,0,1
1585,3344,2,1,10,0,1
1586,3346,2,1,10,0,1
1587,3347,1,1,10,0,1
1588,3349,2,1,10,0,1
1589,3351,2,1,10,0,1
1590,3353,2,1,10,0,1
1591,3355,2,1,10,0,1
1592,3357,2,1,10,0,1
1593,3358,1,1,10,0,1
1594,3360,2,1,10,0,1
1595,3362,2,1,10,0,1
1596,3364,2,1,10,0,1
1597,3366,2,1,10,0,1
1598,3368,2,1,10,0,1
1599,3370,2,1,10,0,1
1600,3372,2,1,10,0,1
1601,3373,1,1,10,0,1
1602,3375,2,1,10,0,1
1603,3377,2,1,10,0,1
1604,3379,2,1,10,0,1
1605,3381,2,1,10,0,1
1606,3383,2,1,10,0,1
1607,3384,1,1,10,0,1
1608,3386,2,1,10,0,1
1609,3388,2,1,10,0,1
1610,3390,2,1,10,0,1
1611,3392,2,1,10,0,1
1612,3394,2,1,10,0,1
1613,3396,2,1,10,0,1
1614,3397,1,1,10,0,1
1615,3399,2,1,10,0,1
1616,3401,2,1,10,0,1
1617,3403,2,1,10,0,1
1618,3405,2,1,10,0,1
1619,3407,2,1,10,0,1
1620,3409,2,1,10,0,1
1621,3410,1,1,10,0,1
1622,3412,2,1,10,0,1
1623,3414,2,1,10,0,1
1624,3416,2,1,10,0,1
1625,3418,2,1,10,0,1
1626,3419,1,1,10,0,1
1627,3421,2,1,10,0,1
1628,3423,2,1,10,0,1
1629,3425,2,1,10,0,1
1630,3427,2,1,10,0,1
1631,3429,2,1,10,0,1
1632,3431,2,1,10,0,1
1633,3433,2,1,10,0,1
1634,3434,1,1,10,0,1
1635,3436,2,1,10,0,1
1636,3438,2,1,10,0,1
1637,3440,2,1,10,0,1
1638,3442,2,1,10,0,1
1639,3444,2,1,10,0,1
1640,3446,2,1,10,0,1
1641,3448,2,1,10,0,1
1642,3449,1,1,10,0,1
1643,3450,1,1,10,0,1
1644,3451,1,1,10,0,1
1645,3453,2,1,10,0,1
1646,3455,2,1,10,0,1
1647,3457,2,1,10,0,1
1648,3459,2,1,10,0,1
1649,3460,1,1,10,0,1
1650,3462,2,1,10,0,1
1651,3464,2,1,10,0,1
1652,3466,2,1,10,0,1
1653,3468,2,1,10,0,1
1654,3470,2,1,10,0,1
1655,3472,2,1,10,0,1
1656,3473,1,1,10,0,1
1657,3475,2,1,10,0,1
1658,3477,2,1,10,0,1
1659,3479,2,1,10,0,1
1660,3481,2,1,10,0,1
1661,3483,2,1,10,0,1
1662,3484,1,1,10,0,1
1663,3486,2,1,10,0,1
1664,3488,2,1,10,0,1
1665,3490,2,1,10,0,1
1666,3492,2,1,10,0,1
1667,3494,2,1,10,0,1
1668,3496,2,1,10,0,1
1669,3497,1,1,10,0,1
1670,3499,2,1,10,0,1
1671,3501,2,1,10,0,1
1672,3503,2,1,10,0,1
1673,3505,2,1,10,0,1
1674,3507,2,1,10,0,1
1675,3509,2,1,10,0,1
1676,3511,2,1,10,0,1
1677,3512,1,1,10,0,1
1678,3514,2,1,10,0,1
1679,3515,1,1,10,0,1
1680,3516,1,1,10,0,1
1681,3518,2,1,10,0,1
1682,3520,2,1,10,0,1
1683,3522,2,1,10,0,1
1684,3524,2,1,10,0,1
1685,3526,2,1,10,0,1
1686,3527,1,1,10,0,1
1687,3529,2,1,10,0,1
1688,3531,2,1,10,0,1
1689,3533,2,1,10,0,1
1690,3535,2,1,10,0,1
1691,3537,2,1,10,0,1
1692,3539,2,1,10,0,1
1693,3540,1,1,10,0,1
1694,3542,2,1,10,0,1
1695,3544,2,1,10,0,1
1696,3546,2,1,10,0,1
1697,3548,2,1,10,0,1
1698,3550,2,1,10,0,1
1699,3552,2,1,10,0,1
1700,3553,1,1,10,0,1
1701,3555,2,1,10,0,1
1702,3557,2,1,10,0,1
1703,3559,2,1,10,0,1
1704,3561,2,1,10,0,1
1705,3563,2,1,10,0,1
1706,3565,2,1,10,0,1
1707,3566,1,1,10,0,1
1708,3568,2,1,10,0,1
1709,3570,2,1,10,0,1
1710,3572,2,1,10,0,1
1711,3574,2,1,10,0,1
1712,3576,2,1,10,0,1
1713,3578,2,1,10,0,1
1714,3579,1,1,10,0,1
1715,3581,2,1,10,0,1
1716,3583,2,1,10,0,1
1717,3585,2,1,10,0,1
1718,3587,2,1,10,0,1
1719,3589,2,1,10,0,1
1720,3591,2,1,10,0,1
1721,3592,1,1,10,0,1
1722,3594,2,1,10,0,1
1723,3596,2,1,10,0,1
1724,3598,2,1,10,0,1
1725,3600,2,1,10,0,1
1726,3602,2,1,10,0,1
1727,3604,2,1,10,0,1
1728,3606,2,1,10,0,1
1729,3607,1,1,10,0,1
1730,3609,2,1,10,0,1
1731,3611,2,1,10,0,1
1732,3613,2,1,10,0,1
1733,3615,2,1,10,0,1
1734,3617,2,1,10,0,1
1735,3619,2,1,10,0,1
1736,3620,1,1,10,0,1
1737,3622,2,1,10,0,1
1738,3624,2,1,10,0,1
1739,3626,2,1,10,0,1
1740,3628,2,1,10,0,1
1741,3630,2,1,10,0,1
1742,3632,2,1,10,0,1
1743,3633,1,1,10,0,1
1744,3635,2,1,10,0,1
1745,3637,2,1,10,0,1
1746,3639,2,1,10,0,1
1747,3641,2,1,10,0,1
1748,3643,2,1,10,0,1
1749,3645,2,1,10,0,1
1750,3646,1,1,10,0,1
1751,3648,2,1,10,0,1
1752,3650,2,1,10,0,1
1753,3652,2,1,10,0,1
1754,3654,2,1,10,0,1
1755,3656,2,1,10,0,1
1756,3658,2,1,10,0,1
1757,3659,1,1,10,0,1
1758,3661,2,1,10,0,1
1759,3663,2,1,10,0,1
1760,3665,2,1,10,0,1
1761,3667,2,1,10,0,1
1762,3669,2,1,10,0,1
1763,3671,2,1,10,0,1
1764,3672,1,1,10,0,1
1765,3674,2,1,10,0,1
1766,3676,2,1,10,0,1
1767,3678,2,1,10,0,1
1768,3680,2,1,10,0,1
1769,3682,2,1,10,0,1
1770,3684,2,1,10,0,1
1771,3685,1,1,10,0,1
1772,3687,2,1,10,0,1
1773,3689,2,1,10,0,1
1774,3691,2,1,10,0,1
1775,3693,2,1,10,0,1
1776,3695,2,1,10,0,1
1777,3697,2,1,10,0,1
1778,3698,1,1,10,0,1
1779,3700,2,1,10,0,1
1780,3702,2,1,10,0,1
1781,3704,2,1,10,0,1
1782,3706,2,1,10,0,1
1783,3708,2,1,10,0,1
1784,3710,2,1,10,0,1
1785,3711,1,1,10,0,1
1786,3713,2,1,10,0,1
1787,3715,2,1,10,0,1
1788,3717,2,1,10,0,1
1789,3719,2,1,10,0,1
1790,3721,2,1,10,0,1
1791,3722,1,1,10,0,1
1792,3724,2,1,10,0,1
1793,3726,2,1,10,0,1
1794,3728,2,1,10,0,1
1795,3730,2,1,10,0,1
1796,3732,2,1,10,0,1
1797,3734,2,1,10,0,1
1798,3735,1,1,10,0,1
1799,3737,2,1,10,0,1
1800,3739,2,1,10,0,1
1801,3741,2,1,10,0,1
1802,3743,2,1,10,0,1
1803,3745,2,1,10,0,1
1804,3747,2,1,10,0,1
1805,3748,1,1,10,0,1
1806,3750,2,1,10,0,1
1807,3752,2,1,10,0,1
1808,3754,2,1,10,0,1
1809,3756,2,1,10,0,1
1810,3758,2,1,10,0,1
1811,3759,1,1,10,0,1
1812,3761,2,1,10,0,1
1813,3763,2,1,10,0,1
1814,3765,2,1,10,0,1
1815,3767,2,1,10,0,1
1816,3769,2,1,10,0,1
1817,3771,2,1,10,0,1
1818,3772,1,1,10,0,1
1819,3774,2,1,10,0,1
1820,3776,2,1,10,0,1
1821,3778,2,1,10,0,1
1822,3780,2,1,10,0,1
1823,3782,2,1,10,0,1
1824,3784,2,1,10,0,1
1825,3785,1,1,10,0,1
1826,3787,2,1,10,0,1
1827,3789,2,1,10,0,1
1828,3791,2,1,10,0,1
1829,3793,2,1,10,0,1
1830,3795,2,1,10,0,1
1831,3797,2,1,10,0,1
1832,3798,1,1,10,0,1
1833,3800,2,1,10,0,1
1834,3802,2,1,10,0,1
1835,3804,2,1,10,0,1
1836,3806,2,1,10,0,1
1837,3808,2,1,10,0,1
1838,3810,2,1,10,0,1
1839,3811,1,1,10,0,1
1840,3813,2,1,10,0,1
1841,3815,2,1,10,0,1
1842,3817,2,1,10,0,1
1843,3819,2,1,10,0,1
1844,3821,2,1,10,0,1
1845,3823,2,1,10,0,1
1846,3824,1,1,10,0,1
1847,3826,2,1,10,0,1
1848,3828,2,1,10,0,1
1849,3830,2,1,10,0,1
1850,3832,2,1,10,0,1
1851,3834,2,1,10,0,1
1852,3836,2,1,10,0,1
1853,3837,1,1,10,0,1
1854,3839,2,1,10,0,1
1855,3841,2,1,10,0,1
1856,3843,2,1,10,0,1
1857,3845,2,1,10,0,1
1858,3847,2,1,10,0,1
1859,3849,2,1,10,0,1
1860,3850,1,1,10,0,1
1861,3852,2,1,10,0,1
1862,3854,2,1,10,0,1
1863,3856,2,1,10,0,1
1864,3858,2,1,10,0,1
1865,3860,2,1,10,0,1
1866,3862,2,1,10,0,1
1867,3863,1,1,10,0,1
1868,3865,2,1,10,0,1
1869,3867,2,1,10,0,1
1870,3869,2,1,10,0,1
1871,3871,2,1,10,0,1
1872,3873,2,1,10,0,1
1873,3875,2,1,10,0,1
1874,3876,1,1,10,0,1
1875,3878,2,1,10,0,1
1876,3880,2,1,10,0,1
1877,3882,2,1,10,0,1
1878,3884,2,1,10,0,1
1879,3886,2,1,10,0,1
1880,3888,2,1,10,0,1
1881,3889,1,1,10,0,1
1882,3891,2,1,10,0,1
1883,3893,2,1,10,0,1
1884,3895,2,1,10,0,1
1885,3897,2,1,10,0,1
1886,3899,2,1,10,0,1
1887,3901,2,1,10,0,1
1888,3903,2,1,10,0,1
1889,3904,1,1,10,0,1
1890,3906,2,1,10,0,1
1891,3908,2,1,10,0,1
1892,3910,2,1,10,0,1
1893,3912,2,1,10,0,1
1894,3914,2,1,10,0,1
1895,3916,2,1,10,0,1
1896,3917,1,1,10,0,1
1897,3919,2,1,10,0,1
1898,3921,2,1,10,0,1
1899,3923,2,1,10,0,1
1900,3925,2,1,10,0,1
1901,3927,2,1,10,0,1
1902,3929,2,1,10,0,1
1903,3931,2,1,10,0,1
1904,3932,1,1,10,0,1
1905,3934,2,1,10,0,1
1906,3936,2,1,10,0,1
1907,3938,2,1,10,0,1
1908,3940,2,1,10,0,1
1909,3942,2,1,10,0,1
1910,3944,2,1,10,0,1
1911,3945,1,1,10,0,1
1912,3947,2,1,10,0,1
1913,3949,2,1,10,0,1
1914,3951,2,1,10,0,1
1915,3953,2,1,10,0,1
1916,3955,2,1,10,0,1
1917,3957,2,1,10,0,1
1918,3958,1,1,10,0,1
1919,3960,2,1,10,0,1
1920,3962,2,1,10,0,1
1921,3964,2,1,10,0,1
1922,3966,2,1,10,0,1
1923,3968,2,1,10,0,1
1924,3970,2,1,10,0,1
1925,3971,1,1,10,0,1
1926,3973,2,1,10,0,1
1927,3975,2,1,10,0,1
1928,3977,2,1,10,0,1
1929,3979,2,1,10,0,1
1930,3981,2,1,10,0,1
1931,3982,1,1,10,0,1
1932,3984,2,1,10,0,1
1933,3986,2,1,10,0,1
1934,3988,2,1,10,0,1
1935,3990,2,1,10,0,1
1936,3992,2,1,10,0,1
1937,3994,2,1,10,0,1
1938,3995,1,1,10,0,1
1939,3997,2,1,10,0,1
1940,3999,2,1,10,0,1
1941,4001,2,1,10,0,1
1942,4003,2,1,10,0,1
1943,4005,2,1,10,0,1
1944,4007,2,1,10,0,1
1945,4008,1,1,10,0,1
1946,4010,2,1,10,0,1
1947,4012,2,1,10,0,1
1948,4014,2,1,10,0,1
1949,4016,2,1,10,0,1
1950,4018,2,1,10,0,1
1951,4020,2,1,10,0,1
1952,4021,1,1,10,0,1
1953,4023,2,1,10,0,1
1954,4025,2,1,10,0,1
1955,4027,2,1,10,0,1
1956,4029,2,1,10,0,1
1957,4031,2,1,10,0,1
1958,4033,2,1,10,0,1
1959,4034,1,1,10,0,1
1960,4036,2,1,10,0,1
1961,4038,2,1,10,0,1
1962,4040,2,1,10,0,1
1963,4042,2,1,10,0,1
1964,4044,2,1,10,0,1
1965,4046,2,1,10,0,1
1966,4047,1,1,10,0,1
1967,4049,2,1,10,0,1
1968,4051,2,1,10,0,1
1969,4053,2,1,10,0,1
1970,4055,2,1,10,0,1
1971,4057,2,1,10,0,1
1972,4059,2,1,10,0,1
1973,4060,1,1,10,0,1
1974,4062,2,1,10,0,1
1975,4064,2,1,10,0,1
1976,4066,2,1,10,0,1
1977,4068,2,1,10,0,1
1978,4070,2,1,10,0,1
1979,4072,2,1,10,0,1
1980,4073,1,1,10,0,1
1981,4075,2,1,10,0,1
1982,4077,2,1,10,0,1
1983,4079,2,1,10,0,1
1984,4081,2,1,10,0,1
1985,4083,2,1,10,0,1
1986,4085,2,1,10,0,1
1987,4086,1,1,10,0,1
1988,4088,2,1,10,0,1
1989,4090,2,1,10,0,1
1990,4092,2,1,10,0,1
1991,4094,2,1,10,0,1
1992,4096,2,1,10,0,1
1993,4098,2,1,10,0,1
1994,4099,1,1,10,0,1
1995,4101,2,1,10,0,1
1996,4103,2,1,10,0,1
1997,4105,2,1,10,0,1
1998,4107,2,1,10,0,1
1999,4109,2,1,10,0,1
2000,4111,2,1,10,0,1
